431.08377,143.1351168,0,1,-0.113083313,0.993585509,0,89.27611346
7.57172898,86.6874651,0,1,-0.012518489,-0.999921641,0,80.64582178
32.30604365,65.51959572,0,1,0.84519517,-0.534457786,0,71.6684548
22.21040501,57.45564548,0,1,0.742055024,-0.670338975,0,57.14088703
24.22953274,19.65587872,0,1,0.999783731,-0.020796435,0,48.46954795
47.44950161,7.559953352,0,1,0.866521922,0.499139018,0,30.29197509
19.68649535,8.063950242,0,1,0.925375809,0.379050936,0,42.5481089
31.80126172,114.911291,0,1,0.969322044,0.24579417,0,65.61547197
31.80126172,126.5032194,0,1,0.993902571,-0.110261871,0,63.9927145
43.91602809,140.6151323,0,1,0.896752197,0.442533046,0,97.94462335
54.51644866,158.7590204,0,1,0.064482145,0.997918861,0,31.31297384
30.28691592,161.7830017,0,1,0.970231195,0.24218057,0,62.43236887
32.30604365,180.9348836,0,1,0.905383594,0.424594568,0,73.59445815
34.32517138,187.4868431,0,1,0.924886484,-0.380243332,0,74.22569573
9.590856709,192.0228151,0,1,0.548623091,0.836069796,0,34.96337238
30.28691592,232.8465632,0,1,0.153940756,0.98808008,0,91.81385406
31.29647979,223.7746192,0,1,0.806843595,-0.590765108,0,75.07506066
35.33473524,297.3581652,0,1,0.518891792,-0.854839931,0,77.82461614
71.67903435,229.8225819,0,1,-0.385125675,-0.922864137,0,26.21388108
63.0977415,236.8785384,0,1,-0.447770611,-0.894148467,0,33.81967821
66.1264331,240.9105135,0,1,-0.628928874,0.777462843,0,33.7094416
25.74387853,277.1982896,0,1,-1,-5.67E-16,0,49.46862934
18.67693148,295.8461745,0,1,0.937601931,-0.34771054,0,37.68628678
28.77257013,308.4460968,0,1,-0.717268187,-0.696797207,0,52.0779586
43.41124615,324.0700004,0,1,0.77659404,-0.630001347,0,62.39948156
13.12433023,354.8138107,0,1,0.545584697,-0.838055689,0,48.11106436
76.72685367,284.7582429,0,1,0.765855225,-0.643013043,0,58.00157595
48.45906547,334.1499382,0,1,-0.792469334,0.60991176,0,61.14945198
87.83205617,298.366159,0,1,-0.894705309,-0.446656927,0,36.10802723
92.87987549,284.7582429,0,1,0.757325962,-0.653037049,0,29.32740473
101.4611683,293.3261901,0,1,0.805496427,-0.592600629,0,23.8135301
48.45906547,356.3258013,0,1,-0.128167398,0.991752549,0,31.50766512
109.2852883,255.0224264,0,1,-0.210993539,-0.977487456,0,59.81011716
78.24119946,358.0897904,0,1,-0.599302505,0.800522647,0,62.32889516
116.0998444,324.0700004,0,1,-0.815605725,0.578608072,0,47.03673069
34.82995331,423.8613846,0,1,-0.907811309,0.41937886,0,74.50973375
57.54514025,403.701509,0,1,-0.999815714,-0.019197323,0,52.50699721
39.87777263,392.1095805,0,1,-0.868575456,0.495556936,0,24.40874998
13.12433023,474.7650705,0,1,-0.146772016,0.989170347,0,55.02759389
43.41124615,530.2047284,0,1,-0.844039633,-0.536280802,0,52.62882013
60.06904991,532.220716,0,1,-0.696353679,-0.71769879,0,44.94336818
32.30604365,542.8046507,0,1,0.993706161,-0.112018148,0,62.98940474
15.64823989,569.5164859,0,1,-0.402798697,0.915288594,0,72.68482309
30.28691592,577.5804361,0,1,-0.242891135,0.970053553,0,74.81602632
33.82038945,561.4525356,0,1,0.79863966,0.601809515,0,66.99753024
51.992539,571.5324734,0,1,-0.023839833,-0.999715791,0,42.3477744
19.68649535,614.876206,0,1,0.959855109,0.280496292,0,43.12329855
10.09563864,586.1483832,0,1,0.527955463,0.849272059,0,34.41985326
29.78213399,637.0520691,0,1,0.991535585,0.129835218,0,62.10911302
16.65780376,630.5001096,0,1,0.754587592,-0.656199334,0,41.4749462
116.3522353,615.1282044,0,1,-0.477971033,0.878375598,0,72.87042714
100.9563864,626.4681344,0,1,-0.964310758,-0.264773039,0,41.87711714
102.4707322,600.764293,0,1,-0.716324998,-0.697766793,0,57.78399264
69.15512469,577.0764392,0,1,-0.196409836,-0.98052189,0,25.70044052
88.3368381,552.3805916,0,1,-0.543121348,-0.839654215,0,57.62336517
119.6333179,572.0364703,0,1,-0.97115775,-0.238437884,0,63.41235058
162.5397821,578.5884299,0,1,-0.817390403,-0.576084134,0,83.98721407
147.3963242,536.756688,0,1,-0.441872935,0.89707765,0,68.54213859
136.7959036,547.3406227,0,1,-0.98391884,-0.178616116,0,33.86011749
138.3102494,530.2047284,0,1,-0.974467766,-0.224527445,0,53.87281425
146.8915422,508.5328622,0,1,-0.946586259,0.322450699,0,90.65515963
112.0615889,480.8130332,0,1,-0.54925337,0.835655871,0,77.19876583
127.2050469,475.2690674,0,1,-0.549525887,0.83547669,0,80.8347906
128.2146107,493.9169523,0,1,-0.953061947,-0.30277537,0,93.2170467
69.40751565,475.2690674,0,1,-0.876735166,0.480973439,0,52.39342232
95.90856709,444.0212602,0,1,-0.999513591,0.031186223,0,96.9652957
83.28901878,448.5572322,0,1,0.191156108,0.981559648,0,36.96950682
101.9659503,394.1255681,0,1,-0.633828071,0.773473966,0,57.34094267
109.5376792,399.6695339,0,1,-0.43938696,0.89829789,0,48.25095664
122.1572276,413.7814468,0,1,-0.987914123,0.155002211,0,71.53402187
113.8283257,402.9455137,0,1,-0.96325235,-0.268598045,0,58.1683444
129.2241746,398.6615401,0,1,-0.906062331,-0.423144245,0,69.08239911
172.6354208,408.7414779,0,1,-0.827881495,-0.560903048,0,34.14472766
169.6067292,408.237481,0,1,5.17E-15,1,0,28.22382585
183.2358413,456.6211825,0,1,0.993366212,0.114993776,0,70.12510167
179.1975859,448.8092307,0,1,-0.763586651,0.645705371,0,64.78456543
167.5876014,453.0932042,0,1,-0.323594523,-0.946195849,0,43.67779148
160.0158725,472.2450861,0,1,0.996186545,-0.087248883,0,57.7654261
173.1402027,455.6131887,0,1,-0.629460862,0.777032189,0,88.21201745
226.3946965,485.8530021,0,1,0.999249114,-0.03874544,0,52.03160883
217.0562308,435.4533131,0,1,0.942379063,-0.33454701,0,96.4163481
271.5726794,431.421338,0,1,0.966803612,-0.255520596,0,71.00753646
251.3814021,424.3653815,0,1,-0.086763538,-0.996228934,0,46.5432315
231.1901249,451.0772167,0,1,0.995798126,-0.091575607,0,77.05061061
233.7140345,463.173142,0,1,-0.306963871,0.951721168,0,62.48850507
218.8229675,458.8891685,0,1,-0.871634204,-0.490156929,0,50.38355299
165.0636918,555.9085698,0,1,-0.575229472,-0.817992087,0,57.91707332
199.8936451,586.6523801,0,1,0.777723484,-0.62860654,0,54.52025449
172.1306388,607.8202495,0,1,-0.270455346,0.96273252,0,85.85509291
175.6641123,629.9961127,0,1,0.832448428,-0.554102531,0,58.21269383
187.2740968,525.1647595,0,1,0.963304468,-0.268411068,0,45.06492764
235.7331623,489.3809803,0,1,0.707656845,-0.70655629,0,64.19831057
262.7389956,548.096618,0,1,0.946981109,-0.321289247,0,54.90345956
237.2475081,545.3246351,0,1,0.894705309,-0.446656927,0,63.18904765
234.4712074,514.0768279,0,1,0.739614523,-0.673030725,0,53.91696805
319.022181,437.4693006,0,1,0.663152263,-0.74848452,0,70.02907231
281.6683181,524.1567657,0,1,0.825139051,0.564929682,0,85.64552892
209.4845018,625.9641376,0,1,0.200695816,-0.979653607,0,45.27286586
209.9892837,631.5081033,0,1,0.342213077,0.939622376,0,35.40123734
226.1423055,629.9961127,0,1,-0.543847325,0.83918418,0,40.83941209
237.75229,624.4521469,0,1,-0.998009301,-0.063066911,0,79.91463124
249.3622744,626.4681344,0,1,0.36403376,0.931385753,0,44.37231817
260.4674769,587.156377,0,1,-0.982060875,0.188564147,0,80.18441971
281.6683181,626.4681344,0,1,0.620829498,0.783945619,0,55.28920818
313.9743617,621.9321624,0,1,-0.152288545,0.988336076,0,53.0342642
303.8787231,617.3961904,0,1,-0.321044111,0.947064242,0,69.181786
287.2209193,588.1643708,0,1,0.390664057,-0.920533321,0,64.60562772
341.737368,636.5480722,0,1,0.964867632,-0.262736471,0,34.52868188
339.2134583,624.9561438,0,1,0.982392017,-0.186831274,0,43.16167229
359.9095175,633.020094,0,1,0.616239004,0.787559198,0,40.95666849
372.0242839,629.9961127,0,1,0.767249159,0.641349147,0,56.58037634
358.3951717,613.3642153,0,1,0.975207292,0.221293327,0,68.32518126
336.6895487,589.6763615,0,1,0.860639201,0.509215245,0,31.6720692
375.0529755,593.960335,0,1,0.056073746,0.99842663,0,54.01264914
301.8595954,489.8849772,0,1,-0.25626499,-0.966606567,0,70.91155742
330.1273835,538.7726756,0,1,-0.297991309,-0.954568583,0,81.30952816
327.098692,514.5808248,0,1,0.795126464,0.606443655,0,91.41765683
358.8999537,562.4605294,0,1,0.351602796,0.93614928,0,43.06978821
396.7585986,590.1803584,0,1,0.327164238,0.944967492,0,86.40243912
406.6018462,598.7483055,0,1,0.335651702,0.941986165,0,55.643786
438.6554989,616.3881966,0,1,0.172260994,-0.985051344,0,64.46730777
342.2421499,479.3010425,0,1,0.871901265,0.489681717,0,55.57861587
331.1369474,461.1571545,0,1,-0.496721177,0.867910175,0,24.38947024
345.2708415,465.1891296,0,1,-0.463132066,0.886289281,0,26.15834068
349.8138789,443.5172633,0,1,0.994067006,-0.108769427,0,74.13802254
335.6799848,433.4373255,0,1,0.76989819,-0.638166732,0,69.49864998
380.6055767,430.4133442,0,1,-0.226848176,0.973930133,0,89.00788889
505.7914959,623.4441531,0,1,-0.853116167,0.521721003,0,94.67070513
506.8010598,639.0680567,0,1,0.7438116,-0.668389335,0,27.14568753
540.1166673,632.5160971,0,1,-0.307435812,0.951568821,0,32.83819992
567.3748916,642.092038,0,1,0.979322893,0.202303415,0,59.79100923
571.917929,613.8682122,0,1,0.585217898,0.810876077,0,84.53027413
534.564066,580.6044174,0,1,-0.613592614,-0.789622761,0,74.03996209
629.4630692,631.0041065,0,1,-0.797858004,-0.602845424,0,46.81768282
625.4248138,631.0041065,0,1,-0.088029656,0.996117854,0,34.40535513
501.7532404,566.4925045,0,1,0.880778804,-0.473527927,0,59.60329731
591.0996424,585.1403895,0,1,-0.861711526,-0.507398508,0,45.69161432
612.8052655,580.6044174,0,1,-0.789814978,0.613345172,0,92.03243826
613.8148293,579.5964237,0,1,0.785959604,0.618277851,0,84.77689524
625.9295957,578.084433,0,1,0.846299727,-0.532707023,0,54.87410224
564.8509819,549.3566103,0,1,0.868575456,-0.495556936,0,56.95374996
586.304214,508.7848606,0,1,-0.444536708,-0.895760635,0,62.45379916
442.6937544,607.8202495,0,1,0.769678943,0.638431143,0,85.25847267
482.0667451,613.3642153,0,1,0.999703614,0.024345094,0,41.4043901
510.8393152,593.7083366,0,1,-0.997690867,0.067918585,0,89.04724197
488.6289102,572.5404672,0,1,0.795886115,-0.605446358,0,53.2760674
409.8829288,534.7407004,0,1,0.143647876,-0.989628864,0,70.28045906
394.7394708,511.5568435,0,1,-0.615865897,0.787850999,0,52.45629574
397.7681624,526.6767502,0,1,0.998058613,0.062281651,0,48.55332625
437.3935441,492.4049617,0,1,-0.338893805,-0.940824632,0,61.06945279
559.2983807,537.7646818,0,1,-0.976594196,-0.215090159,0,70.29566942
529.0114648,543.3086476,0,1,-0.999593353,0.028515394,0,70.69821967
484.5906547,542.3006538,0,1,0.567127593,-0.823629949,0,39.16297725
480.5523993,513.5728311,0,1,0.408660161,-0.912686624,0,93.87611158
524.9732093,479.553041,0,1,0.944962399,-0.327178949,0,66.23857166
560.3079445,510.0448528,0,1,0.948830758,0.315785042,0,44.68835136
509.8297513,516.0928155,0,1,1,1.48E-15,0,48.45906547
406.8542372,470.2290985,0,1,0.962420025,0.271565269,0,48.25329538
409.3781469,478.2930487,0,1,0.762790805,0.646645334,0,70.14621108
451.5274382,467.2051172,0,1,0.80851853,0.588470719,0,66.80325153
481.0571812,420.3334064,0,1,0.551439451,-0.834214919,0,60.41571283
595.1378979,513.0688342,0,1,-0.447770611,-0.894148467,0,38.32896863
628.4535054,514.0768279,0,1,-0.356991066,0.934107798,0,82.01144178
584.0326954,439.9892851,0,1,-0.335788126,-0.941937543,0,63.1375546
596.1474617,435.4533131,0,1,-0.368543921,-0.929610337,0,52.04729288
549.707524,434.4453193,0,1,-0.351602796,-0.93614928,0,60.2977035
564.8509819,426.3813691,0,1,-0.751223178,-0.660048284,0,33.59733478
565.3557639,436.4613069,0,1,0.242891135,-0.970053553,0,33.25156725
590.5948605,456.6211825,0,1,-0.555297933,0.831651493,0,50.90562471
585.5470412,438.4772944,0,1,-0.364891426,0.931050078,0,49.80152519
631.9869789,471.2370923,0,1,0.46631424,0.884619144,0,64.94958409
611.2909197,411.2614624,0,1,0.484893002,0.874573482,0,64.54306337
583.5279134,400.1735308,0,1,-0.979322893,-0.202303415,0,59.79100923
627.4439415,407.7334841,0,1,-0.793766672,0.608222385,0,54.69018499
624.9200318,433.4373255,0,1,0.737677755,-0.675152968,0,65.69137428
635.0156705,425.8773722,0,1,0.625287827,0.780394217,0,45.20764193
510.8393152,458.1331731,0,1,0.36558025,0.930779824,0,55.23076614
457.3324304,442.0052727,0,1,0.456879147,0.889528777,0,44.19391305
399.7872902,371.445708,0,1,-0.182726928,-0.983163704,0,99.44976228
388.6820877,404.7095028,0,1,-0.800447928,-0.599402298,0,35.31496204
417.9594397,430.4133442,0,1,6.12E-17,-1,0,78.62351486
189.2932245,396.1415557,0,1,0.915874054,0.401465712,0,45.19411622
192.826698,387.0696116,0,1,0.886128066,0.46344045,0,47.85051273
199.3888632,376.9896738,0,1,0.5305922,-0.847627228,0,47.56778674
433.1028977,415.7974344,0,1,-0.200258995,0.979742994,0,50.41290983
432.0933338,418.3174188,0,1,0.524689163,0.851293887,0,30.78588803
455.8180846,412.2694561,0,1,0.8723087,0.488955552,0,65.96877945
496.7054211,371.9497049,0,1,-0.339186411,-0.940719181,0,53.57570039
517.9062623,397.1495494,0,1,-0.206317721,-0.978485053,0,78.29197503
326.59391,410.2534686,0,1,0.982156425,-0.188065829,0,75.03709203
425.5311687,366.4057391,0,1,0.91491888,0.403637763,0,47.44819143
405.3398914,335.6619288,0,1,0.632717358,-0.774382816,0,49.46360234
468.9424149,322.0540128,0,1,0.952353386,-0.304996768,0,56.18385527
593.3711611,309.2020921,0,1,0.981867479,-0.189568599,0,93.05281176
597.1570256,347.2538573,0,1,0.452173871,0.891929812,0,91.5402704
616.086348,376.9896738,0,1,1,6.20E-16,0,58.04992218
623.4056861,355.3178075,0,1,0.840954603,0.541105678,0,54.02238564
616.338739,340.7018977,0,1,0.87380291,0.486280242,0,70.47744402
619.8722125,321.046019,0,1,0.768711016,0.639596258,0,70.91930191
524.7208183,309.9580874,0,1,-0.58393067,-0.811803531,0,68.29196453
584.5374773,285.7662367,0,1,-0.040845788,-0.999165463,0,49.43294888
560.5603355,252.502442,0,1,-0.319257562,-0.947667985,0,58.5011405
565.3557639,352.0418278,0,1,0.998933366,-0.046174991,0,54.57465983
551.2218698,302.902131,0,1,-0.222483432,-0.974936471,0,81.67866422
558.7935988,306.1781108,0,1,0.191388925,0.981514279,0,58.02426905
470.4567606,362.8777609,0,1,-1,-2.34E-15,0,66.63121503
437.1411531,302.902131,0,1,0.972660653,0.232231034,0,47.74526201
514.8775707,268.378344,0,1,0.877242021,-0.480048369,0,59.84360036
515.8871345,255.5264233,0,1,0.930002403,-0.367553438,0,52.10638736
440.6746267,287.7822243,0,1,-0.998406801,-0.056425702,0,53.59226795
427.5502964,283.2462523,0,1,-0.996483945,0.083783933,0,96.24697675
434.6172435,249.4784606,0,1,-0.581837213,-0.813305267,0,95.43221248
457.8372123,263.5903735,0,1,0.390664057,-0.920533321,0,64.60562772
493.6767295,276.6942927,0,1,0.048211709,-0.998837139,0,83.76088599
444.9652731,203.6147436,0,1,0.610689667,-0.791870021,0,63.64641628
428.0550784,258.5504046,0,1,-0.941907506,0.335872372,0,45.01682174
444.2081002,140.6151323,0,1,0.179155139,-0.983820835,0,78.89192655
448.2463556,177.9109022,0,1,0.567700534,-0.823235145,0,74.69022793
346.2804054,282.2382585,0,1,-0.742621312,-0.669711569,0,84.2865112
366.4716827,253.5104357,0,1,-0.998238629,0.059326557,0,84.95299836
521.9445177,221.2546348,0,1,-0.674534327,-0.738243484,0,77.82750094
636.5300163,265.1023642,0,1,-0.731584745,-0.681750512,0,20.69952669
629.9678512,210.1667032,0,1,-0.526414298,0.850228197,0,65.20562138
625.4248138,173.3749302,0,1,-0.684507504,-0.729005814,0,66.3694315
624.9200318,154.2230484,0,1,0.848368712,0.529405825,0,57.12028835
621.8913403,143.1351168,0,1,0.915545831,-0.402213664,0,55.13453451
590.3424695,202.1027529,0,1,0.088029656,0.996117854,0,51.6080327
610.5337468,163.7989893,0,1,0.476277746,0.879294893,0,56.17193461
582.0135676,136.0791603,0,1,0.947367298,-0.320148719,0,69.26738055
545.6692685,139.3551401,0,1,0.729513904,-0.683965981,0,56.73931394
532.2925473,142.127123,0,1,0.735329349,-0.67770993,0,62.46881876
546.1740505,191.0148214,0,1,-0.837359408,-0.546652744,0,94.04083919
489.6384741,205.6307312,0,1,0.921184609,0.389125835,0,56.98892535
524.4684274,209.1587094,0,1,-0.020435683,0.99979117,0,49.40201187
552.7362156,182.4468742,0,1,-0.928675769,-0.370892593,0,59.79052579
572.9274929,132.0471852,0,1,0.385125675,-0.922864137,0,65.53470269
533.5545022,210.1667032,0,1,0.105948982,-0.994371567,0,47.64386799
508.3154056,162.0350002,0,1,-0.017118135,0.999853474,0,58.9762777
535.0688479,134.5671697,0,1,-0.792469334,0.60991176,0,61.14945198
561.3175084,101.8073718,0,1,-0.674841529,0.737962676,0,62.83205832
447.7415737,73.33154752,0,1,-0.879276227,-0.476312204,0,53.96427212
523.9636454,107.3513376,0,1,0.22315461,0.974783063,0,36.19244491
484.0858728,119.447263,0,1,0.429904048,0.902874581,0,68.10206186
512.8584429,83.91548221,0,1,-0.664941323,0.7468956,0,66.80410508
552.2314336,24.69584762,0,1,-0.632967042,0.774178741,0,63.79882656
585.0422592,33.26379475,0,1,-0.546476972,0.837474131,0,79.43838151
567.3748916,83.15948687,0,1,-0.987914123,-0.155002211,0,71.53402187
453.7989569,55.94365481,0,1,0.754075616,-0.65678761,0,62.92406304
636.0252344,83.66348376,0,1,-0.608046639,-0.793901307,0,43.16882747
623.4056861,36.79177298,0,1,-0.573307455,-0.819340322,0,89.80828115
630.977415,16.12790048,0,1,0.728732127,0.684798866,0,47.10259108
552.4838246,33.0117963,0,1,-0.839028009,-0.544088228,0,58.35782223
511.8488791,20.15987561,0,1,-0.406666528,-0.913576672,0,39.720559
476.5141438,12.09592536,0,1,0.090675609,0.995880482,0,22.26759493
575.9561844,23.68785384,0,1,0.944914382,0.327317598,0,52.35249909
393.225125,12.09592536,0,1,0.691037872,-0.722818552,0,30.67970946
431.5885519,32.25580097,0,1,0.960311742,-0.278928947,0,57.82082013
331.3893384,47.62770612,0,1,-0.999560528,0.029643743,0,51.00539059
331.1369474,14.61590981,0,1,0.779230605,0.626737317,0,46.64126238
310.9456701,29.23181963,0,1,0.068908751,-0.997622967,0,58.60294039
318.5173991,26.71183518,0,1,0.995364365,0.096175777,0,31.4422345
265.0105143,19.65587872,0,1,0.999407844,0.034408743,0,29.29469909
289.744829,37.29576987,0,1,-0.999615618,0.027723917,0,72.71654912
362.9382091,67.53558328,0,1,0.687188197,-0.726479444,0,24.97508801
372.5290658,85.67947132,0,1,0.909310166,0.416118999,0,53.29211887
403.3207637,125.4952256,0,1,0.899775103,-0.436353943,0,39.27063008
379.5960129,103.3193625,0,1,0.517082695,0.855935445,0,74.19205326
313.4695798,82.65548998,0,1,-0.876894221,-0.480683393,0,58.71604102
254.6624847,56.95164859,0,1,-0.85158309,-0.524219649,0,78.83669573
186.2645329,18.14388805,0,1,0.98810953,-0.153751607,0,78.67186296
371.01472,165.8149769,0,1,0.991125534,0.132929211,0,68.24642948
344.2612776,167.3269675,0,1,0.768711016,-0.639596258,0,31.51968974
394.2346889,183.9588649,0,1,0.916017892,-0.401137409,0,62.82097842
397.7681624,216.7186628,0,1,-0.242891135,0.970053553,0,74.81602632
385.1486141,214.1986783,0,1,0.59730078,-0.802017318,0,49.01609548
370.0051562,205.6307312,0,1,0.985256705,0.171082509,0,23.56743045
352.3377886,246.9584762,0,1,-0.993429219,0.11444818,0,52.84455088
347.7947512,287.7822243,0,1,0.707656845,-0.70655629,0,84.1711183
336.6895487,278.7102802,0,1,-0.900424749,0.435011806,0,34.75746288
309.4313243,309.9580874,0,1,0.782896183,-0.622152367,0,63.18670399
348.804315,376.2336785,0,1,0.883928618,0.467621855,0,76.52289738
348.2995331,375.2256847,0,1,0.924334779,0.381582515,0,56.7947048
311.4504521,372.4537018,0,1,0.849057748,0.528300047,0,82.04377942
294.2878664,376.9896738,0,1,0.763005612,0.64639186,0,43.66364677
272.0774614,326.5899848,0,1,-0.232460638,-0.972605805,0,91.20185404
301.3548134,306.9341061,0,1,0.01820712,-0.999834237,0,55.4488493
351.8330066,333.6459413,0,1,0.993171675,-0.11666201,0,86.40291566
357.3856079,338.6859102,0,1,0.992756121,-0.12014693,0,67.11740541
289.744829,275.6862989,0,1,0.950871872,-0.309584696,0,48.83932224
289.744829,267.1183518,0,1,0.809171212,-0.587572931,0,27.4483381
232.1996887,334.1499382,0,1,-0.087709689,0.996146079,0,92.08231197
207.4653741,333.1419444,0,1,-0.707656845,0.70655629,0,67.05156882
228.1614333,306.6821077,0,1,-0.595825717,-0.803113762,0,50.83183732
214.0275392,313.9900626,0,1,-0.456879147,-0.889528777,0,44.19391305
183.7406233,298.8701559,0,1,0.990858278,-0.134906903,0,67.24595887
138.3102494,289.2942149,0,1,0.955415707,-0.295263996,0,88.76069756
162.5397821,299.8781496,0,1,0.575544571,0.817770412,0,45.60665112
197.8745174,258.5504046,0,1,-0.360563593,0.932734633,0,61.59913382
230.6853429,261.574386,0,1,-0.383523924,-0.923530941,0,44.74971345
221.0944862,265.6063611,0,1,0.911094461,0.412197625,0,70.91700152
153.4537073,254.0144326,0,1,-0.463132066,0.886289281,0,52.31668136
162.0350002,260.5663922,0,1,-0.359466034,0.93315817,0,14.0425488
140.834159,244.4384917,0,1,0.9970636,-0.07657792,0,39.48894604
237.2475081,239.3985228,0,1,-0.345290569,0.93849583,0,52.62857187
231.1901249,230.8305757,0,1,0.359466034,-0.93315817,0,56.1701952
246.8383648,212.1826907,0,1,0.374276974,0.927316961,0,72.82901759
262.4866047,224.782613,0,1,0.344727192,0.938702915,0,64.42893256
287.7257013,241.9185073,0,1,-0.397431804,0.917631713,0,81.28701161
290.2496109,206.638725,0,1,0.035747054,0.99936087,0,28.24187608
317.5078352,174.382924,0,1,-0.724144524,0.68964825,0,90.61955042
322.0508726,200.0867654,0,1,0.913373785,-0.407122008,0,61.89752467
270.5631156,188.9988338,0,1,-0.132365978,0.991200912,0,76.27064565
270.5631156,176.9029084,0,1,0.200258995,0.979742994,0,50.41290983
283.6874458,165.8149769,0,1,-0.732136916,0.681157497,0,60.6728182
345.2708415,135.0711666,0,1,-0.844885224,0.534947622,0,97.98282004
255.9244395,109.3673252,0,1,-0.890721428,-0.454549598,0,51.00402037
299.3356857,140.1111355,0,1,0.999663893,-0.025924914,0,77.76255408
307.4121966,123.983235,0,1,0.859451465,0.51121735,0,55.20905314
313.4695798,124.4872319,0,1,0.953913798,0.300080767,0,77.25872324
280.1539723,86.18346821,0,1,-0.934403159,-0.35621726,0,59.42404194
239.7714177,79.63150864,0,1,-0.799058885,0.601252774,0,87.17743826
212.0084115,70.05556773,0,1,-0.327998557,0.944678224,0,80.02675581
175.1593304,41.83174188,0,1,0.823438872,-0.567404991,0,87.04839759
140.3293771,42.83973566,0,1,-0.735769209,-0.677232361,0,87.81569883
97.17052192,83.66348376,0,1,-0.953891161,0.300152717,0,87.31501267
88.3368381,50.9036859,0,1,-0.687764144,-0.725934213,0,51.3762393
138.8150313,94.24741846,0,1,-0.289802433,-0.95708649,0,45.2871637
169.1019472,92.73542779,0,1,-0.701022812,-0.713138849,0,76.32688112
193.8362619,127.0072163,0,1,0.945529143,-0.325537464,0,61.92797396
145.8819784,131.5431883,0,1,0.921642526,-0.388040015,0,90.91789746
121.1476637,114.4072941,0,1,-0.932630696,0.36083235,0,86.59923964
102.9755141,112.8953034,0,1,0.612043315,-0.790824241,0,56.082912
146.8915422,146.1590981,0,1,0.98105051,-0.193752152,0,93.64483345
296.5593851,128.0152101,0,1,0.82957548,-0.558394595,0,54.15491785
231.6949068,157.7510266,0,1,0.087518818,-0.996162866,0,57.67695967
180.7119317,165.31098,0,1,-0.873520191,-0.486787917,0,99.3938013
203.4271186,147.1670919,0,1,0.989236478,-0.146325631,0,82.66443342
153.7060983,159.2630173,0,1,-0.896541625,-0.442959496,0,54.61413731
93.88943936,197.5667809,0,1,-0.56980888,-0.821777245,0,63.78331465
127.2050469,207.1427218,0,1,0.946925238,-0.321453874,0,53.30747472
121.1476637,182.4468742,0,1,0.403263984,-0.91508369,0,55.07658979
101.9659503,185.4708556,0,1,-0.737677755,0.675152968,0,32.84568714
152.4441435,213.1906845,0,1,0.862555154,-0.505963048,0,93.63471861
231.6949068,219.7426441,0,1,0.922989628,0.384824825,0,99.53558393
220.5897043,227.8065943,0,1,-0.972257175,-0.233914485,0,86.18481086
141.338941,172.8709333,0,1,6.12E-17,-1,0,45.35972011
204.9414644,159.7670142,0,1,-0.976594196,0.215090159,0,70.29566942
366.9764646,343.2218822,0,1,0.357186338,0.934033147,0,59.35512897
347.7947512,301.3901403,0,1,0.935468338,0.353410509,0,39.93065445
540.1166673,280.2222709,0,1,-0.65137516,0.758755824,0,37.19750801
453.7989569,122.4712443,0,1,0.069706145,0.997567568,0,43.4494203
100.9563864,109.3673252,0,1,0.187393333,-0.982284958,0,64.64886552
121.9048366,313.4860657,0,1,-0.210993539,-0.977487456,0,59.81011716
115.5950624,308.1940983,0,1,-0.599302505,0.800522647,0,62.32889516
151.1821886,551.1205994,0,1,-0.477971033,0.878375598,0,72.87042714
115.3426715,450.0692229,0,1,-0.876735166,0.480973439,0,52.39342232
169.8591201,418.5694173,0,1,-0.96325235,-0.268598045,0,58.1683444
228.6662152,406.9774888,0,1,-0.763586651,0.645705371,0,64.78456543
174.4021575,487.8689897,0,1,0.999249114,-0.03874544,0,52.03160883
202.9223367,449.565226,0,1,0.966803612,-0.255520596,0,71.00753646
262.7389956,483.5850161,0,1,-0.871634204,-0.490156929,0,50.38355299
210.7464566,565.7365092,0,1,0.946981109,-0.321289247,0,54.90345956
194.5934348,550.364604,0,1,0.739614523,-0.673030725,0,53.91696805
272.5822433,489.8849772,0,1,0.663152263,-0.74848452,0,70.02907231
372.0242839,540.0326678,0,1,0.056073746,0.99842663,0,54.01264914
320.0317449,558.4285543,0,1,-0.25626499,-0.966606567,0,70.91155742
387.9249148,546.3326289,0,1,0.335651702,0.941986165,0,55.643786
614.0672203,564.7285154,0,1,-0.444536708,-0.895760635,0,62.45379916
427.0455145,470.2290985,0,1,-0.615865897,0.787850999,0,52.45629574
458.0896033,549.8606071,0,1,-0.338893805,-0.940824632,0,61.06945279
462.3802497,501.2249072,0,1,0.944962399,-0.327178949,0,66.23857166
397.5157715,427.8933597,0,1,0.80851853,0.588470719,0,66.80325153
447.7415737,470.7330954,0,1,0.551439451,-0.834214919,0,60.41571283
605.2335365,499.4609181,0,1,-0.335788126,-0.941937543,0,63.1375546
615.3291751,483.8370145,0,1,-0.368543921,-0.929610337,0,52.04729288
601.700063,413.7814468,0,1,0.46631424,0.884619144,0,64.94958409
490.6480379,406.7254903,0,1,0.36558025,0.930779824,0,55.23076614
443.1985363,366.4057391,0,1,-0.200258995,0.979742994,0,50.41290983
514.8775707,422.3493939,0,1,-0.339186411,-0.940719181,0,53.57570039
415.4355301,339.1899071,0,1,0.952353386,-0.304996768,0,56.18385527
502.0056314,326.8419833,0,1,0.981867479,-0.189568599,0,93.05281176
558.0364259,376.9896738,0,1,1,6.20E-16,0,58.04992218
564.598591,365.3977454,0,1,-0.58393067,-0.811803531,0,68.29196453
579.237267,307.9420999,0,1,-0.319257562,-0.947667985,0,58.5011405
510.8393152,354.5618122,0,1,0.998933366,-0.046174991,0,54.57465983
547.6883962,249.2264622,0,1,0.191388925,0.981514279,0,58.02426905
462.3802497,297.1061667,0,1,0.877242021,-0.480048369,0,59.84360036
467.4280691,274.6783051,0,1,0.930002403,-0.367553438,0,52.10638736
406.0970643,254.0144326,0,1,0.610689667,-0.791870021,0,63.64641628
585.7994321,150.6950702,0,1,0.088029656,0.996117854,0,51.6080327
583.7803044,114.4072941,0,1,0.476277746,0.879294893,0,56.17193461
504.2771501,178.1629007,0,1,0.729513904,-0.683965981,0,56.73931394
486.3573915,184.4628618,0,1,0.735329349,-0.67770993,0,62.46881876
547.6883962,192.526812,0,1,0.385125675,-0.922864137,0,65.53470269
509.3249694,103.067364,0,1,-0.017118135,0.999853474,0,58.9762777
495.1910753,99.03538891,0,1,-0.879276227,-0.476312204,0,53.96427212
557.279253,34.01979008,0,1,-0.664941323,0.7468956,0,66.80410508
601.447672,64.76360038,0,1,-0.839028009,-0.544088228,0,58.35782223
382.3723135,46.11571545,0,1,-0.999560528,0.029643743,0,51.00539059
364.9573369,110.8793158,0,1,-0.876894221,-0.480683393,0,58.71604102
321.7984817,98.27939358,0,1,-0.85158309,-0.524219649,0,78.83669573
336.6895487,209.1587094,0,1,0.916017892,-0.401137409,0,62.82097842
281.1635361,340.4498993,0,1,0.883928618,0.467621855,0,76.52289738
295.8022122,353.5538184,0,1,0.924334779,0.381582515,0,56.7947048
258.4483492,347.5058558,0,1,-0.595825717,-0.803113762,0,50.83183732
280.6587542,113.3993003,0,1,-0.132365978,0.991200912,0,76.27064565
301.3548134,132.5511821,0,1,-0.890721428,-0.454549598,0,51.00402037
180.4595407,57.45564548,0,1,-0.953891161,0.300152717,0,87.31501267
123.6715733,88.19945577,0,1,-0.687764144,-0.725934213,0,51.3762393
251.6337931,158.2550235,0,1,0.82957548,-0.558394595,0,54.15491785
202.6699457,183.454868,0,1,-0.896541625,-0.442959496,0,54.61413731
250,500,0,0,0,0,0,0
150,500,0,0,0,0,0,0
350,500,0,0,0,0,0,0
250,400,0,0,0,0,0,0
250,150,0,0,0,0,0,0
250,250,0,0,0,0,0,0
250,200,0,0,0,0,0,0
255,505,0,0,0,0,0,0
155,505,0,0,0,0,0,0
355,505,0,0,0,0,0,0
255,405,0,0,0,0,0,0
255,155,0,0,0,0,0,0
255,255,0,0,0,0,0,0
255,205,0,0,0,0,0,0
