431.08377,143.1351168,0,1,-1.457470602,0.113083313,0,27.54840416
7.57172898,86.6874651,0,1,1.55827751,0.012518489,0,24.88530925
32.30604365,65.51959572,0,1,-0.563866091,0.84519517,0,22.11511548
22.21040501,57.45564548,0,1,-0.734665499,0.742055024,0,17.63226678
24.22953274,19.65587872,0,1,-0.020797934,0.999783731,0,14.95650566
47.44950161,7.559953352,0,1,0.522604884,0.866521922,0,9.347355528
19.68649535,8.063950242,0,1,0.388770482,0.925375809,0,13.12929578
31.80126172,114.911291,0,1,0.248338912,0.969322044,0,20.24731444
31.80126172,126.5032194,0,1,-0.110486524,0.993902571,0,19.74657155
43.91602809,140.6151323,0,1,0.458421401,0.896752197,0,30.22329226
54.51644866,158.7590204,0,1,1.506269412,0.064482145,0,9.662410531
30.28691592,161.7830017,0,1,0.244612698,0.970231195,0,19.26508742
32.30604365,180.9348836,0,1,0.438514038,0.905383594,0,22.70943255
34.32517138,187.4868431,0,1,-0.390059376,0.924886484,0,22.90421688
9.590856709,192.0228151,0,1,0.990079864,0.548623091,0,10.78883338
30.28691592,232.8465632,0,1,1.416240986,0.153940756,0,28.33148825
31.29647979,223.7746192,0,1,-0.632006785,0.806843595,0,23.16630993
35.33473524,297.3581652,0,1,-1.025242279,0.518891792,0,24.01475485
71.67903435,229.8225819,0,1,1.175452329,0.385125675,0,8.088956413
63.0977415,236.8785384,0,1,1.106525859,0.447770611,0,10.4359176
66.1264331,240.9105135,0,1,-0.890621604,0.628928874,0,10.40190131
25.74387853,277.1982896,0,1,0,1,0,15.26479751
18.67693148,295.8461745,0,1,-0.35512817,0.937601931,0,11.62905753
28.77257013,308.4460968,0,1,0.770922489,0.717268187,0,16.06997209
43.41124615,324.0700004,0,1,-0.681554946,0.77659404,0,19.25493921
13.12433023,354.8138107,0,1,-0.993709688,0.545584697,0,14.84588648
76.72685367,284.7582429,0,1,-0.69842602,0.765855225,0,17.89785413
48.45906547,334.1499382,0,1,-0.655949238,0.792469334,0,18.86921094
87.83205617,298.366159,0,1,0.463025332,0.894705309,0,11.1420456
92.87987549,284.7582429,0,1,-0.711587764,0.757325962,0,9.049712931
101.4611683,293.3261901,0,1,-0.634283625,0.805496427,0,7.348267373
48.45906547,356.3258013,0,1,-1.442275411,0.128167398,0,9.722487451
109.2852883,255.0224264,0,1,1.358205057,0.210993539,0,36.91185058
78.24119946,358.0897904,0,1,-0.928166803,0.599302505,0,38.46631597
116.0998444,324.0700004,0,1,-0.617021037,0.815605725,0,14.51437363
34.82995331,423.8613846,0,1,-0.432760995,0.907811309,0,22.991864
57.54514025,403.701509,0,1,0.019198502,0.999815714,0,16.20236281
39.87777263,392.1095805,0,1,-0.518475921,0.868575456,0,7.53193753
13.12433023,474.7650705,0,1,-1.423492175,0.146772016,0,16.9801567
43.41124615,530.2047284,0,1,0.566024483,0.844039633,0,16.23995435
60.06904991,532.220716,0,1,0.800492009,0.696353679,0,13.86841365
32.30604365,542.8046507,0,1,-0.112253749,0.993706161,0,19.43697493
15.64823989,569.5164859,0,1,-1.156223809,0.402798697,0,22.42874163
30.28691592,577.5804361,0,1,-1.325451196,0.242891135,0,23.08637832
33.82038945,561.4525356,0,1,0.645764927,0.79863966,0,20.67378349
51.992539,571.5324734,0,1,1.546954235,0.023839833,0,13.06747751
19.68649535,614.876206,0,1,0.28431112,0.959855109,0,13.30678511
10.09563864,586.1483832,0,1,1.014604968,0.527955463,0,10.6211168
29.78213399,637.0520691,0,1,0.130202789,0.991535585,0,19.16533865
16.65780376,630.5001096,0,1,-0.715770914,0.754587592,0,8.348734081
116.3522353,615.1282044,0,1,-1.072452979,0.477971033,0,12.79814427
100.9563864,626.4681344,0,1,0.267968554,0.964310758,0,44.97202892
102.4707322,600.764293,0,1,0.772275154,0.716324998,0,12.9222443
69.15512469,577.0764392,0,1,1.37310124,0.196409836,0,17.8307133
88.3368381,552.3805916,0,1,0.996646246,0.543121348,0,7.930521336
119.6333179,572.0364703,0,1,0.240757024,0.97115775,0,17.78114762
162.5397821,578.5884299,0,1,0.613929864,0.817390403,0,19.56748558
147.3963242,536.756688,0,1,-1.113110907,0.441872935,0,25.9163804
136.7959036,547.3406227,0,1,0.179579769,0.98391884,0,21.15041149
138.3102494,530.2047284,0,1,0.226458073,0.974467766,0,10.44839617
146.8915422,508.5328622,0,1,-0.328317336,0.946586259,0,16.62382022
112.0615889,480.8130332,0,1,-0.989325817,0.54925337,0,27.97394375
127.2050469,475.2690674,0,1,-0.988999671,0.549525887,0,23.8216329
128.2146107,493.9169523,0,1,0.307603369,0.953061947,0,24.94362036
69.40751565,475.2690674,0,1,-0.501764674,0.876735166,0,28.76447885
95.90856709,444.0212602,0,1,-0.03119128,0.999513591,0,32.33463281
83.28901878,448.5572322,0,1,1.378456487,0.191156108,0,29.92109593
101.9659503,394.1255681,0,1,-0.884303898,0.633828071,0,11.40787693
109.5376792,399.6695339,0,1,-1.115880214,0.43938696,0,17.69399901
122.1572276,413.7814468,0,1,-0.155629692,0.987914123,0,14.88905378
113.8283257,402.9455137,0,1,0.271937297,0.96325235,0,22.07363279
129.2241746,398.6615401,0,1,0.43691275,0.906062331,0,35.89862952
172.6354208,408.7414779,0,1,0.595476192,0.827881495,0,21.31712255
169.6067292,408.237481,0,1,1.570796327,3.51443E-14,0,10.53621984
183.2358413,456.6211825,0,1,0.115248734,0.993366212,0,8.709175739
179.1975859,448.8092307,0,1,-0.701946684,0.763586651,0,21.63887481
167.5876014,453.0932042,0,1,1.241270374,0.323594523,0,39.98183439
160.0158725,472.2450861,0,1,-0.087359959,0.996186545,0,13.47788793
173.1402027,455.6131887,0,1,-0.889937153,0.629460862,0,17.82498412
226.3946965,485.8530021,0,1,-0.03875514,0.999249114,0,27.22005041
217.0562308,435.4533131,0,1,-0.341124501,0.942379063,0,32.11133938
271.5726794,431.421338,0,1,-0.258386136,0.966803612,0,29.75170426
251.3814021,424.3653815,0,1,1.48392356,0.086763538,0,43.82234479
231.1901249,451.0772167,0,1,-0.091704086,0.995798126,0,14.36209197
233.7140345,463.173142,0,1,-1.258795088,0.306963871,0,23.77591586
218.8229675,458.8891685,0,1,0.512269784,0.871634204,0,19.28240966
165.0636918,555.9085698,0,1,0.957911675,0.575229472,0,31.09424071
199.8936451,586.6523801,0,1,-0.679760195,0.777723484,0,17.87177871
172.1306388,607.8202495,0,1,-1.296930354,0.270455346,0,16.82360429
175.6641123,629.9961127,0,1,-0.587284471,0.832448428,0,26.49276169
187.2740968,525.1647595,0,1,-0.271743192,0.963304468,0,17.9629999
235.7331623,489.3809803,0,1,-0.784619953,0.707656845,0,13.9059239
262.7389956,548.096618,0,1,-0.327090601,0.946981109,0,19.81001342
237.2475081,545.3246351,0,1,-0.463025332,0.894705309,0,33.88370383
234.4712074,514.0768279,0,1,-0.738298896,0.739614523,0,19.49857981
319.022181,437.4693006,0,1,-0.845773855,0.663152263,0,33.27488999
281.6683181,524.1567657,0,1,0.600348032,0.825139051,0,43.21848504
209.4845018,625.9641376,0,1,-1.36872819,0.200695816,0,26.42809542
209.9892837,631.5081033,0,1,1.221525153,0.342213077,0,13.9700885
226.1423055,629.9961127,0,1,-0.995781391,0.543847325,0,10.9239477
237.75229,624.4521469,0,1,0.063108793,0.998009301,0,12.60203414
249.3622744,626.4681344,0,1,1.198201156,0.36403376,0,24.65968191
260.4674769,587.156377,0,1,-0.189699859,0.982060875,0,13.69220172
281.6683181,626.4681344,0,1,0.900995959,0.620829498,0,24.74293197
313.9743617,621.9321624,0,1,-1.417912912,0.152288545,0,17.06088441
303.8787231,617.3961904,0,1,-1.243964574,0.321044111,0,16.36506438
287.2209193,588.1643708,0,1,-1.169443462,0.390664057,0,21.34779088
341.737368,636.5480722,0,1,-0.265857223,0.964867632,0,19.93570144
339.2134583,624.9561438,0,1,-0.187935631,0.982392017,0,10.65469863
359.9095175,633.020094,0,1,0.906838106,0.616239004,0,13.3186263
372.0242839,629.9961127,0,1,0.696255397,0.767249159,0,12.63821657
358.3951717,613.3642153,0,1,0.223140479,0.975207292,0,17.45930702
336.6895487,589.6763615,0,1,0.534272716,0.860639201,0,21.08346382
375.0529755,593.960335,0,1,1.514693154,0.056073746,0,9.773218492
301.8595954,489.8849772,0,1,1.311640158,0.25626499,0,33.33393963
330.1273835,538.7726756,0,1,1.268208658,0.297991309,0,43.76311127
327.098692,514.5808248,0,1,0.651580242,0.795126464,0,25.09011265
358.8999537,562.4605294,0,1,1.211513657,0.351602796,0,28.20923156
396.7585986,590.1803584,0,1,1.237495226,0.327164238,0,13.29027314
406.6018462,598.7483055,0,1,1.228499344,0.335651702,0,26.66165922
438.6554989,616.3881966,0,1,-1.397671811,0.172260994,0,34.34059675
342.2421499,479.3010425,0,1,0.511724671,0.871901265,0,19.89301932
331.1369474,461.1571545,0,1,-1.05097949,0.496721177,0,17.15018848
345.2708415,465.1891296,0,1,-1.089270468,0.463132066,0,7.525988278
349.8138789,443.5172633,0,1,-0.108985048,0.994067006,0,8.071818018
335.6799848,433.4373255,0,1,-0.692114726,0.76989819,0,22.8771631
380.6055767,430.4133442,0,1,-1.341956061,0.226848176,0,21.44556729
505.7914959,623.4441531,0,1,-0.548867023,0.853116167,0,27.46563668
506.8010598,639.0680567,0,1,-0.732041255,0.7438116,0,29.21304194
540.1166673,632.5160971,0,1,-1.258299167,0.307435812,0,8.376488877
567.3748916,642.092038,0,1,0.203709401,0.979322893,0,10.13305764
571.917929,613.8682122,0,1,0.945647576,0.585217898,0,18.45002906
534.564066,580.6044174,0,1,0.91019395,0.613592614,0,26.08395533
629.4630692,631.0041065,0,1,0.647062653,0.797858004,0,22.84690407
625.4248138,631.0041065,0,1,-1.482652579,0.088029656,0,14.44678087
501.7532404,566.4925045,0,1,-0.493291949,0.880778804,0,10.61664304
591.0996424,585.1403895,0,1,0.532163115,0.861711526,0,18.39210579
612.8052655,580.6044174,0,1,-0.660289048,0.789814978,0,14.09930394
613.8148293,579.5964237,0,1,0.666549667,0.785959604,0,28.39893793
625.9295957,578.084433,0,1,-0.561796014,0.846299727,0,26.16005651
564.8509819,549.3566103,0,1,-0.518475921,0.868575456,0,16.93279297
586.304214,508.7848606,0,1,1.110139338,0.444536708,0,17.5745209
442.6937544,607.8202495,0,1,0.692458211,0.769678943,0,38.54340056
482.0667451,613.3642153,0,1,0.0243475,0.999703614,0,26.30865942
510.8393152,593.7083366,0,1,-0.067970911,0.997690867,0,12.7763724
488.6289102,572.5404672,0,1,-0.650326579,0.795886115,0,27.47778007
409.8829288,534.7407004,0,1,-1.426649785,0.143647876,0,16.43967888
394.7394708,511.5568435,0,1,-0.907311769,0.615865897,0,21.68681426
397.7681624,526.6767502,0,1,0.062321987,0.998058613,0,32.37343517
437.3935441,492.4049617,0,1,1.225055451,0.338893805,0,14.98235758
559.2983807,537.7646818,0,1,0.216784149,0.976594196,0,37.68905034
529.0114648,543.3086476,0,1,-0.028519259,0.999593353,0,21.6915078
484.5906547,542.3006538,0,1,-0.967782174,0.567127593,0,21.81572487
480.5523993,513.5728311,0,1,-1.149810765,0.408660161,0,12.08472774
524.9732093,479.553041,0,1,-0.333316669,0.944962399,0,28.96784999
560.3079445,510.0448528,0,1,0.321283919,0.948830758,0,40.87917523
509.8297513,516.0928155,0,1,2.11143E-14,1,0,13.78972176
406.8542372,470.2290985,0,1,0.275019048,0.962420025,0,14.95327103
409.3781469,478.2930487,0,1,0.703178309,0.762790805,0,14.88977546
451.5274382,467.2051172,0,1,0.629166075,0.80851853,0,21.64538865
481.0571812,420.3334064,0,1,-0.986707555,0.551439451,0,41.22766776
595.1378979,513.0688342,0,1,1.106525859,0.447770611,0,37.28559432
628.4535054,514.0768279,0,1,-1.205751609,0.356991066,0,11.82737328
584.0326954,439.9892851,0,1,1.228354514,0.335788126,0,25.30670586
596.1474617,435.4533131,0,1,1.193354126,0.368543921,0,38.96538065
549.707524,434.4453193,0,1,1.211513657,0.351602796,0,32.1210188
564.8509819,426.3813691,0,1,0.720883033,0.751223178,0,18.6063824
565.3557639,436.4613069,0,1,-1.325451196,0.242891135,0,10.36730791
590.5948605,456.6211825,0,1,-0.98207516,0.555297933,0,10.26061259
585.5470412,438.4772944,0,1,-1.197280141,0.364891426,0,15.7082188
631.9869789,471.2370923,0,1,1.08567664,0.46631424,0,15.36752095
611.2909197,411.2614624,0,1,1.064555506,0.484893002,0,40.08367576
583.5279134,400.1735308,0,1,0.203709401,0.979322893,0,19.91639562
627.4439415,407.7334841,0,1,-0.653819196,0.793766672,0,18.45002906
624.9200318,433.4373255,0,1,-0.741172047,0.737677755,0,16.87604065
635.0156705,425.8773722,0,1,0.895296026,0.625287827,0,20.27073602
510.8393152,458.1331731,0,1,1.196540198,0.36558025,0,13.94996201
457.3324304,442.0052727,0,1,1.096312737,0.456879147,0,34.08570129
399.7872902,371.445708,0,1,1.387036961,0.182726928,0,13.63715031
388.6820877,404.7095028,0,1,0.64275419,0.800447928,0,30.68774097
417.9594397,430.4133442,0,1,#DIV/0!,#DIV/0!,0,10.89732527
189.2932245,396.1415557,0,1,0.413116628,0.915874054,0,24.26127527
192.826698,387.0696116,0,1,0.48187384,0.886128066,0,13.94578831
199.3888632,376.9896738,0,1,-1.011497258,0.5305922,0,14.76548668
433.1028977,415.7974344,0,1,-1.369174064,0.200258995,0,14.67824442
432.0933338,418.3174188,0,1,1.018446389,0.524689163,0,31.1123583
455.8180846,412.2694561,0,1,0.510892013,0.8723087,0,9.499764864
496.7054211,371.9497049,0,1,1.224744422,0.339186411,0,20.3563364
517.9062623,397.1495494,0,1,1.362986116,0.206317721,0,33.06427644
326.59391,410.2534686,0,1,-0.189192463,0.982156425,0,24.15897027
425.5311687,366.4057391,0,1,0.415489425,0.91491888,0,23.15459374
405.3398914,335.6619288,0,1,-0.885739061,0.632717358,0,14.64134026
468.9424149,322.0540128,0,1,-0.309935035,0.952353386,0,15.2632463
593.3711611,309.2020921,0,1,-0.19072276,0.981867479,0,34.67390083
597.1570256,347.2538573,0,1,1.101595222,0.452173871,0,57.4276
616.086348,376.9896738,0,1,0,1,0,28.24706708
623.4056861,355.3178075,0,1,0.571751344,0.840954603,0,35.82554517
616.338739,340.7018977,0,1,0.507827709,0.87380291,0,16.66997426
619.8722125,321.046019,0,1,0.693972931,0.768711016,0,21.74759896
524.7208183,309.9580874,0,1,0.947234121,0.58393067,0,21.88394539
584.5374773,285.7662367,0,1,1.529939173,0.040845788,0,42.14642791
560.5603355,252.502442,0,1,1.24585038,0.319257562,0,15.2537874
565.3557639,352.0418278,0,1,-0.046191416,0.998933366,0,36.10401483
551.2218698,302.902131,0,1,1.346435318,0.222483432,0,33.68078488
558.7935988,306.1781108,0,1,1.378219291,0.191388925,0,25.20401892
470.4567606,362.8777609,0,1,0,1,0,35.80971333
437.1411531,302.902131,0,1,0.234370801,0.972660653,0,20.56074766
514.8775707,268.378344,0,1,-0.500709849,0.877242021,0,14.73300891
515.8871345,255.5264233,0,1,-0.376376944,0.930002403,0,36.93251476
440.6746267,287.7822243,0,1,0.056455687,0.998406801,0,32.157489
427.5502964,283.2462523,0,1,-0.083882268,0.996483945,0,16.53725056
434.6172435,249.4784606,0,1,0.94981051,0.581837213,0,29.69944044
457.8372123,263.5903735,0,1,-1.169443462,0.390664057,0,29.44802431
493.6767295,276.6942927,0,1,-1.522565921,0.048211709,0,19.93570144
444.9652731,203.6147436,0,1,-0.913865093,0.610689667,0,25.84654115
428.0550784,258.5504046,0,1,-0.342531253,0.941907506,0,39.27942495
444.2081002,140.6151323,0,1,-1.390668697,0.179155139,0,13.89107961
448.2463556,177.9109022,0,1,-0.967086377,0.567700534,0,24.34410049
346.2804054,282.2382585,0,1,0.733820324,0.742621312,0,23.04756005
366.4716827,253.5104357,0,1,-0.059361414,0.998238629,0,26.00873611
521.9445177,221.2546348,0,1,0.830462592,0.674534327,0,26.21439759
636.5300163,265.1023642,0,1,0.750152743,0.731584745,0,24.01564503
629.9678512,210.1667032,0,1,-1.016418636,0.526414298,0,6.387362814
625.4248138,173.3749302,0,1,0.816868415,0.684507504,0,20.12084467
624.9200318,154.2230484,0,1,0.557900039,0.848368712,0,20.47996773
621.8913403,143.1351168,0,1,-0.413933429,0.915545831,0,17.62591054
590.3424695,202.1027529,0,1,1.482652579,0.088029656,0,17.01315594
610.5337468,163.7989893,0,1,1.074379718,0.476277746,0,31.84992911
582.0135676,136.0791603,0,1,-0.325886465,0.947367298,0,34.66654399
545.6692685,139.3551401,0,1,-0.753185348,0.729513904,0,21.37420325
532.2925473,142.127123,0,1,-0.744643801,0.735329349,0,35.01670249
546.1740505,191.0148214,0,1,0.578361603,0.837359408,0,38.55266991
489.6384741,205.6307312,0,1,0.399682445,0.921184609,0,29.01868087
524.4684274,209.1587094,0,1,-1.550359221,0.020435683,0,17.58537516
552.7362156,182.4468742,0,1,0.379969983,0.928675769,0,15.244241
572.9274929,132.0471852,0,1,-1.175452329,0.385125675,0,18.44987988
533.5545022,210.1667032,0,1,-1.46464812,0.105948982,0,40.44478207
508.3154056,162.0350002,0,1,-1.553677356,0.017118135,0,14.70172121
535.0688479,134.5671697,0,1,-0.655949238,0.792469334,0,36.39724605
561.3175084,101.8073718,0,1,-0.830046387,0.674841529,0,18.86921094
447.7415737,73.33154752,0,1,0.496455798,0.879276227,0,19.38842171
523.9636454,107.3513376,0,1,1.345746832,0.22315461,0,33.30408372
484.0858728,119.447263,0,1,1.126409827,0.429904048,0,11.16809481
512.8584429,83.91548221,0,1,-0.843381073,0.664941323,0,21.01461468
552.2314336,24.69584762,0,1,-0.885416589,0.632967042,0,41.22819453
585.0422592,33.26379475,0,1,-0.992644622,0.546476972,0,19.68674252
567.3748916,83.15948687,0,1,0.155629692,0.987914123,0,24.512723
453.7989569,55.94365481,0,1,-0.716550779,0.754075616,0,22.07363279
636.0252344,83.66348376,0,1,0.917198519,0.608046639,0,19.4168121
623.4056861,36.79177298,0,1,0.960259417,0.573307455,0,13.32083421
630.977415,16.12790048,0,1,0.754327658,0.728732127,0,27.71261797
552.4838246,33.0117963,0,1,0.575302031,0.839028009,0,14.53469652
511.8488791,20.15987561,0,1,1.151994055,0.406666528,0,36.01556587
476.5141438,12.09592536,0,1,1.479995999,0.090675609,0,12.25678371
575.9561844,23.68785384,0,1,0.333463397,0.944914382,0,6.871229952
393.225125,12.09592536,0,1,-0.807872389,0.691037872,0,16.1546885
431.5885519,32.25580097,0,1,-0.28267861,0.960311742,0,9.467000779
331.3893384,47.62770612,0,1,-0.029648086,0.999560528,0,17.84207735
331.1369474,14.61590981,0,1,0.677359068,0.779230605,0,31.47800817
310.9456701,29.23181963,0,1,-1.501832924,0.068908751,0,14.39234188
318.5173991,26.71183518,0,1,0.096324665,0.995364365,0,18.08342035
265.0105143,19.65587872,0,1,0.034415537,0.999407844,0,9.702297177
289.744829,37.29576987,0,1,-0.02772747,0.999615618,0,9.03962078
362.9382091,67.53558328,0,1,-0.813184846,0.687188197,0,22.4385315
372.5290658,85.67947132,0,1,0.429173059,0.909310166,0,7.70669546
403.3207637,125.4952256,0,1,-0.451542485,0.899775103,0,16.44463197
379.5960129,103.3193625,0,1,1.027357223,0.517082695,0,12.11794675
313.4695798,82.65548998,0,1,0.50143388,0.876894221,0,22.89383565
254.6624847,56.95164859,0,1,0.551798501,0.85158309,0,36.23664082
186.2645329,18.14388805,0,1,-0.154363913,0.98810953,0,48.65411525
371.01472,165.8149769,0,1,0.133323837,0.991125534,0,2.78291136
344.2612776,167.3269675,0,1,-0.693972931,0.768711016,0,24.2761943
394.2346889,183.9588649,0,1,-0.412758197,0.916017892,0,21.05916296
397.7681624,216.7186628,0,1,-1.325451196,0.242891135,0,9.726197952
385.1486141,214.1986783,0,1,-0.930664991,0.59730078,0,38.77000546
370.0051562,205.6307312,0,1,0.171928272,0.985256705,0,23.08637832
352.3377886,246.9584762,0,1,-0.114699512,0.993429219,0,15.12515673
347.7947512,287.7822243,0,1,-0.784619953,0.707656845,0,7.272327096
336.6895487,278.7102802,0,1,-0.450051389,0.900424749,0,16.30652353
309.4313243,309.9580874,0,1,-0.671488946,0.782896183,0,25.97312871
348.804315,376.2336785,0,1,0.486598431,0.883928618,0,10.72529479
348.2995331,375.2256847,0,1,0.391507751,0.924334779,0,19.49785661
311.4504521,372.4537018,0,1,0.556597152,0.849057748,0,47.22615317
294.2878664,376.9896738,0,1,0.702846057,0.763005612,0,35.05088699
272.0774614,326.5899848,0,1,1.336189462,0.232460638,0,25.31668446
301.3548134,306.9341061,0,1,-1.552588201,0.01820712,0,13.47352323
351.8330066,333.6459413,0,1,-0.116928273,0.993171675,0,28.14264015
357.3856079,338.6859102,0,1,-0.120437884,0.992756121,0,17.11014572
289.744829,275.6862989,0,1,-0.31475624,0.950871872,0,26.66180626
289.744829,267.1183518,0,1,-0.628056113,0.809171212,0,20.71077401
232.1996887,334.1499382,0,1,-1.482973789,0.087709689,0,15.07060888
207.4653741,333.1419444,0,1,-0.784619953,0.707656845,0,8.46987937
228.1614333,306.6821077,0,1,0.932502925,0.595825717,0,28.41432773
214.0275392,313.9900626,0,1,1.096312737,0.456879147,0,20.69045846
183.7406233,298.8701559,0,1,-0.135319506,0.990858278,0,31.37089966
138.3102494,289.2942149,0,1,-0.299731823,0.955415707,0,13.63715031
162.5397821,299.8781496,0,1,0.957526413,0.575544571,0,20.75044243
197.8745174,258.5504046,0,1,-1.201924267,0.360563593,0,27.38935954
230.6853429,261.574386,0,1,1.177187332,0.383523924,0,14.07308639
221.0944862,265.6063611,0,1,0.424864822,0.911094461,0,19.00797166
153.4537073,254.0144326,0,1,-1.089270468,0.463132066,0,13.80865659
162.0350002,260.5663922,0,1,-1.203100711,0.359466034,0,21.88323555
140.834159,244.4384917,0,1,-0.076652962,0.9970636,0,16.14363604
237.2475081,239.3985228,0,1,-1.218247947,0.345290569,0,4.333183814
231.1901249,230.8305757,0,1,-1.203100711,0.359466034,0,12.18531367
246.8383648,212.1826907,0,1,1.187179372,0.374276974,0,16.23987775
262.4866047,224.782613,0,1,1.218848179,0.344727192,0,17.33273525
287.7257013,241.9185073,0,1,-1.162079905,0.397431804,0,22.47323649
290.2496109,206.638725,0,1,1.535041655,0.035747054,0,19.88117767
317.5078352,174.382924,0,1,-0.761003195,0.724144524,0,25.0831646
322.0508726,200.0867654,0,1,-0.419300894,0.913373785,0,8.714745596
270.5631156,188.9988338,0,1,-1.438040743,0.132365978,0,27.96295563
270.5631156,176.9029084,0,1,1.369174064,0.200258995,0,19.10004771
283.6874458,165.8149769,0,1,-0.749342459,0.732136916,0,47.07047586
345.2708415,135.0711666,0,1,-0.564445752,0.844885224,0,15.55617915
255.9244395,109.3673252,0,1,0.471866489,0.890721428,0,18.72213353
299.3356857,140.1111355,0,1,-0.025927819,0.999663893,0,30.23507882
307.4121966,123.983235,0,1,0.536600621,0.859451465,0,31.47716254
313.4695798,124.4872319,0,1,0.304777322,0.953913798,0,23.99560403
280.1539723,86.18346821,0,1,0.364216458,0.934403159,0,17.03615055
239.7714177,79.63150864,0,1,-0.645067998,0.799058885,0,23.84013428
212.0084115,70.05556773,0,1,-1.236612183,0.327998557,0,18.33679201
175.1593304,41.83174188,0,1,-0.603350992,0.823438872,0,26.90080481
140.3293771,42.83973566,0,1,0.743994532,0.735769209,0,24.69428078
97.17052192,83.66348376,0,1,-0.304852749,0.953891161,0,26.86098605
88.3368381,50.9036859,0,1,0.812391756,0.687764144,0,27.09775627
138.8150313,94.24741846,0,1,1.276775921,0.289802433,0,53.88651376
169.1019472,92.73542779,0,1,0.7939656,0.701022812,0,31.70687768
193.8362619,127.0072163,0,1,-0.331580099,0.945529143,0,13.97450046
145.8819784,131.5431883,0,1,-0.398504017,0.921642526,0,23.55259081
121.1476637,114.4072941,0,1,-0.369160215,0.932630696,0,19.1094436
102.9755141,112.8953034,0,1,-0.912154532,0.612043315,0,28.05501816
146.8915422,146.1590981,0,1,-0.19498534,0.98105051,0,26.722387
296.5593851,128.0152101,0,1,-0.592449324,0.82957548,0,17.30580181
231.6949068,157.7510266,0,1,-1.483165397,0.087518818,0,28.89648327
180.7119317,165.31098,0,1,0.508408798,0.873520191,0,33.42174085
203.4271186,147.1670919,0,1,-0.146852895,0.989236478,0,17.79768556
153.7060983,159.2630173,0,1,0.458897005,0.896541625,0,30.6704728
93.88943936,197.5667809,0,1,0.964523059,0.56980888,0,25.50820296
127.2050469,207.1427218,0,1,-0.327264451,0.946925238,0,33.70514843
121.1476637,182.4468742,0,1,-1.155715403,0.403263984,0,19.68195593
101.9659503,185.4708556,0,1,-0.741172047,0.737677755,0,16.4493704
152.4441435,213.1906845,0,1,-0.530498107,0.862555154,0,16.99527563
231.6949068,219.7426441,0,1,0.395018024,0.922989628,0,10.13536801
220.5897043,227.8065943,0,1,0.236101928,0.972257175,0,28.89336208
366.9764646,343.2218822,0,1,-0.216784149,0.976594196,0,30.71422341
347.7947512,301.3901403,0,1,1.205542554,0.357186338,0,26.59450451
540.1166673,280.2222709,0,1,0.361214382,0.935468338,0,13.99688958
453.7989569,122.4712443,0,1,-0.861400909,0.65137516,0,21.6915078
100.9563864,109.3673252,0,1,1.501033608,0.069706145,0,18.31552717
121.9048366,313.4860657,0,1,-1.382288533,0.187393333,0,12.32161398
115.5950624,308.1940983,0,1,1.358205057,0.210993539,0,11.47823247
151.1821886,551.1205994,0,1,-0.928166803,0.599302505,0,13.40741823
115.3426715,450.0692229,0,1,-1.072452979,0.477971033,0,19.94904356
